,millisecond,state,usage_counter,prio,static_prio,normal_prio,policy,vm_pgoff,task_size,cached_hole_size,free_area_cache,mm_users,map_count,hiwater_rss,total_vm,reserved_vm,nr_ptes,end_data,last_interval,nivcsw,min_flt,fs_excl_counter,lock,stime,gtime,cgtime,signal_nvcsw
0,0,0,0,3069378560,14274,0,0,0,0,0,24,724,6850,0,150,210,0,120,3473,0,0,0,3204448256,4,0,0,0
1,1,0,0,3069378560,14274,0,0,0,0,0,24,724,6850,0,150,210,0,120,3473,0,0,0,3204448256,4,0,0,0
2,2,0,0,3069378560,14274,0,0,0,0,0,24,724,6850,0,150,210,0,120,3473,0,0,0,3204448256,4,0,0,0
3,3,0,0,3069378560,14274,0,0,0,0,0,24,724,6850,0,150,210,0,120,3473,0,0,0,3204448256,4,0,0,0
4,4,0,0,3069378560,14274,0,0,0,0,0,24,724,6850,0,150,210,0,120,3473,0,0,0,3204448256,4,0,0,0
5,5,0,0,3069378560,14274,0,0,0,0,0,24,724,6850,0,150,210,0,120,3473,0,0,0,3204448256,4,0,0,0
6,6,0,0,3069378560,14274,0,0,0,0,0,24,724,6850,0,150,210,0,120,3473,0,0,0,3204448256,4,0,0,0
7,7,0,0,3069378560,14274,0,0,0,0,0,24,724,6850,0,150,210,0,120,3473,0,0,0,3204448256,4,0,0,0
8,8,0,0,3069378560,14274,0,0,0,0,0,24,724,6850,0,150,210,0,120,3473,0,0,0,3204448256,4,0,0,0
9,9,0,0,3069378560,14274,0,0,0,0,0,25,724,6852,0,150,211,0,120,3473,0,130,0,3204448256,4,0,0,0
10,10,0,0,3069378560,14274,0,0,0,0,0,25,724,6852,0,150,211,0,120,3473,0,130,0,3204448256,4,0,0,0
11,11,0,0,3069378560,14274,0,0,0,0,0,25,724,6852,0,150,211,0,120,3473,0,130,0,3204448256,4,0,0,0
12,12,0,0,3069378560,14274,0,0,0,0,0,26,724,6854,0,151,212,0,120,3473,0,130,0,3204448256,4,0,0,0
13,13,0,0,3069378560,14274,0,0,0,0,0,26,724,6854,0,151,212,0,120,3473,0,130,0,3204448256,4,0,0,0
14,14,0,0,3069378560,14274,0,0,0,0,0,26,724,6854,0,151,212,0,120,3473,0,130,0,3204448256,4,0,0,0
15,15,0,0,3069378560,14274,0,0,0,0,0,26,724,6854,0,151,212,0,120,3473,0,0,0,3204448256,4,0,0,0
16,16,0,0,3069378560,14274,0,0,0,0,0,27,724,6856,0,152,212,0,120,3473,0,0,0,3204448256,4,0,0,0
17,17,0,0,3069378560,14274,0,0,0,0,0,27,724,6856,0,152,212,0,120,3473,0,0,0,3204448256,4,0,0,0
18,18,0,0,3069378560,14274,0,0,0,0,0,27,724,6856,0,152,212,0,120,3473,0,0,0,3204448256,4,0,0,0
19,19,0,0,3069378560,14274,0,0,0,0,0,27,724,6856,0,153,212,0,120,3473,0,0,0,3204448256,4,0,0,0
