hash,millisecond,classification,state,usage_counter,prio,static_prio,normal_prio,policy,vm_pgoff,vm_truncate_count,task_size,cached_hole_size,free_area_cache,mm_users,map_count,hiwater_rss,total_vm,shared_vm,exec_vm,reserved_vm,nr_ptes,end_data,last_interval,nvcsw,nivcsw,min_flt,maj_flt,fs_excl_counter,lock,utime,stime,gtime,cgtime,signal_nvcsw
42fb5e2ec009a05ff5143227297074f1e9c6c3ebb9c914e223349672eca79ad0,0,malware,0,0,3069378560,14274,0,0,0,13173,0,0,24,724,6850,0,150,120,124,210,0,120,3473,341974,0,0,120,0,3204448256,380690,4,0,0,0
42fb5e2ec009a05ff5143227297074f1e9c6c3ebb9c914e223349672eca79ad0,1,malware,0,0,3069378560,14274,0,0,0,13173,0,0,24,724,6850,0,150,120,124,210,0,120,3473,341974,0,0,120,0,3204448256,380690,4,0,0,0
42fb5e2ec009a05ff5143227297074f1e9c6c3ebb9c914e223349672eca79ad0,2,malware,0,0,3069378560,14274,0,0,0,13173,0,0,24,724,6850,0,150,120,124,210,0,120,3473,341974,0,0,120,0,3204448256,380690,4,0,0,0
42fb5e2ec009a05ff5143227297074f1e9c6c3ebb9c914e223349672eca79ad0,3,malware,0,0,3069378560,14274,0,0,0,13173,0,0,24,724,6850,0,150,120,124,210,0,120,3473,341974,0,0,120,0,3204448256,380690,4,0,0,0
42fb5e2ec009a05ff5143227297074f1e9c6c3ebb9c914e223349672eca79ad0,4,malware,0,0,3069378560,14274,0,0,0,13173,0,0,24,724,6850,0,150,120,124,210,0,120,3473,341974,0,0,120,0,3204448256,380690,4,0,0,0
42fb5e2ec009a05ff5143227297074f1e9c6c3ebb9c914e223349672eca79ad0,5,malware,0,0,3069378560,14274,0,0,0,13173,0,0,24,724,6850,0,150,120,124,210,0,120,3473,341974,0,0,120,0,3204448256,380690,4,0,0,0
42fb5e2ec009a05ff5143227297074f1e9c6c3ebb9c914e223349672eca79ad0,6,malware,0,0,3069378560,14274,0,0,0,13173,0,0,24,724,6850,0,150,120,124,210,0,120,3473,341974,0,0,120,0,3204448256,380690,4,0,0,0
42fb5e2ec009a05ff5143227297074f1e9c6c3ebb9c914e223349672eca79ad0,7,malware,0,0,3069378560,14274,0,0,0,13173,0,0,24,724,6850,0,150,120,124,210,0,120,3473,341974,0,0,120,0,3204448256,380690,4,0,0,0
42fb5e2ec009a05ff5143227297074f1e9c6c3ebb9c914e223349672eca79ad0,8,malware,0,0,3069378560,14274,0,0,0,13173,0,0,24,724,6850,0,150,120,124,210,0,120,3473,341974,0,0,120,0,3204448256,380690,4,0,0,0
42fb5e2ec009a05ff5143227297074f1e9c6c3ebb9c914e223349672eca79ad0,9,malware,0,0,3069378560,14274,0,0,0,13173,0,0,25,724,6852,0,150,120,124,211,0,120,3473,341974,0,130,120,0,3204448256,380690,4,0,0,0
42fb5e2ec009a05ff5143227297074f1e9c6c3ebb9c914e223349672eca79ad0,10,malware,0,0,3069378560,14274,0,0,0,13173,0,0,25,724,6852,0,150,120,124,211,0,120,3473,341974,0,130,120,0,3204448256,380690,4,0,0,0
42fb5e2ec009a05ff5143227297074f1e9c6c3ebb9c914e223349672eca79ad0,11,malware,0,0,3069378560,14274,0,0,0,13173,0,0,25,724,6852,0,150,120,124,211,0,120,3473,341974,0,130,120,0,3204448256,380690,4,0,0,0
42fb5e2ec009a05ff5143227297074f1e9c6c3ebb9c914e223349672eca79ad0,12,malware,0,0,3069378560,14274,0,0,0,13173,0,0,26,724,6854,0,151,120,124,212,0,120,3473,341974,0,130,120,0,3204448256,380690,4,0,0,0
42fb5e2ec009a05ff5143227297074f1e9c6c3ebb9c914e223349672eca79ad0,13,malware,0,0,3069378560,14274,0,0,0,13173,0,0,26,724,6854,0,151,120,124,212,0,120,3473,341974,0,130,120,0,3204448256,380690,4,0,0,0
42fb5e2ec009a05ff5143227297074f1e9c6c3ebb9c914e223349672eca79ad0,14,malware,0,0,3069378560,14274,0,0,0,13173,0,0,26,724,6854,0,151,120,124,212,0,120,3473,341974,0,130,120,0,3204448256,380690,4,0,0,0
42fb5e2ec009a05ff5143227297074f1e9c6c3ebb9c914e223349672eca79ad0,15,malware,0,0,3069378560,14274,0,0,0,13173,0,0,26,724,6854,0,151,120,124,212,0,120,3473,341974,0,0,120,0,3204448256,380690,4,0,0,0
42fb5e2ec009a05ff5143227297074f1e9c6c3ebb9c914e223349672eca79ad0,16,malware,0,0,3069378560,14274,0,0,0,13173,0,0,27,724,6856,0,152,120,124,212,0,120,3473,341974,0,0,120,0,3204448256,380690,4,0,0,0
42fb5e2ec009a05ff5143227297074f1e9c6c3ebb9c914e223349672eca79ad0,17,malware,0,0,3069378560,14274,0,0,0,13173,0,0,27,724,6856,0,152,120,124,212,0,120,3473,341974,0,0,120,0,3204448256,380690,4,0,0,0
42fb5e2ec009a05ff5143227297074f1e9c6c3ebb9c914e223349672eca79ad0,18,malware,0,0,3069378560,14274,0,0,0,13173,0,0,27,724,6856,0,152,120,124,212,0,120,3473,341974,0,0,120,0,3204448256,380690,4,0,0,0
42fb5e2ec009a05ff5143227297074f1e9c6c3ebb9c914e223349672eca79ad0,19,malware,0,0,3069378560,14274,0,0,0,13173,0,0,27,724,6856,0,153,120,124,212,0,120,3473,341974,0,0,120,0,3204448256,380690,4,0,0,0